start_sec,end_sec,NE_straight,NE_left,NW_straight,NW_left,SE_straight,SE_left,SW_straight,SW_left
0.0,1.0,RED,RED,GREEN,RED,GREEN,RED,RED,RED
1.0,6.0,RED,RED,YELLOW,RED,YELLOW,RED,RED,RED
6.0,8.0,RED,RED,RED,RED,RED,RED,RED,RED
8.0,33.0,RED,RED,RED,GREEN,RED,GREEN,RED,RED
33.0,37.0,RED,RED,RED,YELLOW,RED,YELLOW,RED,RED
37.0,112.0,GREEN,RED,RED,RED,RED,RED,GREEN,RED
112.0,117.0,YELLOW,RED,RED,RED,RED,RED,YELLOW,RED
117.0,119.0,RED,RED,RED,RED,RED,RED,RED,RED
119.0,143.0,RED,GREEN,RED,RED,RED,RED,RED,GREEN
143.0,147.0,RED,YELLOW,RED,RED,RED,RED,RED,YELLOW
147.0,192.0,RED,RED,GREEN,RED,GREEN,RED,RED,RED
192.0,197.0,RED,RED,YELLOW,RED,YELLOW,RED,RED,RED
197.0,199.0,RED,RED,RED,RED,RED,RED,RED,RED
199.0,223.0,RED,RED,RED,GREEN,RED,GREEN,RED,RED
223.0,227.0,RED,RED,RED,YELLOW,RED,YELLOW,RED,RED
227.0,302.0,GREEN,RED,RED,RED,RED,RED,GREEN,RED
302.0,307.0,YELLOW,RED,RED,RED,RED,RED,YELLOW,RED
307.0,309.0,RED,RED,RED,RED,RED,RED,RED,RED
309.0,333.0,RED,GREEN,RED,RED,RED,RED,RED,GREEN
333.0,337.0,RED,YELLOW,RED,RED,RED,RED,RED,YELLOW
337.0,382.0,RED,RED,GREEN,RED,GREEN,RED,RED,RED
382.0,387.0,RED,RED,YELLOW,RED,YELLOW,RED,RED,RED
387.0,389.0,RED,RED,RED,RED,RED,RED,RED,RED
389.0,413.0,RED,RED,RED,GREEN,RED,GREEN,RED,RED
413.0,417.0,RED,RED,RED,YELLOW,RED,YELLOW,RED,RED
417.0,492.0,GREEN,RED,RED,RED,RED,RED,GREEN,RED
492.0,497.0,YELLOW,RED,RED,RED,RED,RED,YELLOW,RED
497.0,499.0,RED,RED,RED,RED,RED,RED,RED,RED
499.0,523.0,RED,GREEN,RED,RED,RED,RED,RED,GREEN
523.0,527.0,RED,YELLOW,RED,RED,RED,RED,RED,YELLOW
527.0,572.0,RED,RED,GREEN,RED,GREEN,RED,RED,RED
572.0,577.0,RED,RED,YELLOW,RED,YELLOW,RED,RED,RED
577.0,579.0,RED,RED,RED,RED,RED,RED,RED,RED
579.0,603.0,RED,RED,RED,GREEN,RED,GREEN,RED,RED
603.0,607.0,RED,RED,RED,YELLOW,RED,YELLOW,RED,RED
607.0,682.0,GREEN,RED,RED,RED,RED,RED,GREEN,RED
682.0,687.0,YELLOW,RED,RED,RED,RED,RED,YELLOW,RED
687.0,689.0,RED,RED,RED,RED,RED,RED,RED,RED
689.0,713.0,RED,GREEN,RED,RED,RED,RED,RED,GREEN
713.0,717.0,RED,YELLOW,RED,RED,RED,RED,RED,YELLOW
717.0,762.0,RED,RED,GREEN,RED,GREEN,RED,RED,RED
762.0,767.0,RED,RED,YELLOW,RED,YELLOW,RED,RED,RED
767.0,769.0,RED,RED,RED,RED,RED,RED,RED,RED
769.0,793.0,RED,RED,RED,GREEN,RED,GREEN,RED,RED
793.0,797.0,RED,RED,RED,YELLOW,RED,YELLOW,RED,RED
797.0,872.0,GREEN,RED,RED,RED,RED,RED,GREEN,RED
872.0,877.0,YELLOW,RED,RED,RED,RED,RED,YELLOW,RED
877.0,879.0,RED,RED,RED,RED,RED,RED,RED,RED
879.0,903.0,RED,GREEN,RED,RED,RED,RED,RED,GREEN
903.0,907.0,RED,YELLOW,RED,RED,RED,RED,RED,YELLOW
907.0,952.0,RED,RED,GREEN,RED,GREEN,RED,RED,RED
952.0,957.0,RED,RED,YELLOW,RED,YELLOW,RED,RED,RED
957.0,959.0,RED,RED,RED,RED,RED,RED,RED,RED
959.0,983.0,RED,RED,RED,GREEN,RED,GREEN,RED,RED
983.0,987.0,RED,RED,RED,YELLOW,RED,YELLOW,RED,RED
987.0,1062.0,GREEN,RED,RED,RED,RED,RED,GREEN,RED
1062.0,1067.0,YELLOW,RED,RED,RED,RED,RED,YELLOW,RED
1067.0,1069.0,RED,RED,RED,RED,RED,RED,RED,RED
1069.0,1093.0,RED,GREEN,RED,RED,RED,RED,RED,GREEN
1093.0,1097.0,RED,YELLOW,RED,RED,RED,RED,RED,YELLOW
1097.0,1142.0,RED,RED,GREEN,RED,GREEN,RED,RED,RED
1142.0,1147.0,RED,RED,YELLOW,RED,YELLOW,RED,RED,RED
1147.0,1149.0,RED,RED,RED,RED,RED,RED,RED,RED
1149.0,1173.0,RED,RED,RED,GREEN,RED,GREEN,RED,RED
1173.0,1177.0,RED,RED,RED,YELLOW,RED,YELLOW,RED,RED
1177.0,1252.0,GREEN,RED,RED,RED,RED,RED,GREEN,RED
1252.0,1257.0,YELLOW,RED,RED,RED,RED,RED,YELLOW,RED
1257.0,1259.0,RED,RED,RED,RED,RED,RED,RED,RED
1259.0,1283.0,RED,GREEN,RED,RED,RED,RED,RED,GREEN
1283.0,1287.0,RED,YELLOW,RED,RED,RED,RED,RED,YELLOW
1287.0,1332.0,RED,RED,GREEN,RED,GREEN,RED,RED,RED
1332.0,1337.0,RED,RED,YELLOW,RED,YELLOW,RED,RED,RED
1337.0,1339.0,RED,RED,RED,RED,RED,RED,RED,RED
1339.0,1363.0,RED,RED,RED,GREEN,RED,GREEN,RED,RED
1363.0,1367.0,RED,RED,RED,YELLOW,RED,YELLOW,RED,RED
1367.0,1442.0,GREEN,RED,RED,RED,RED,RED,GREEN,RED
1442.0,1447.0,YELLOW,RED,RED,RED,RED,RED,YELLOW,RED
1447.0,1449.0,RED,RED,RED,RED,RED,RED,RED,RED
1449.0,1473.0,RED,GREEN,RED,RED,RED,RED,RED,GREEN
1473.0,1477.0,RED,YELLOW,RED,RED,RED,RED,RED,YELLOW
1477.0,1522.0,RED,RED,GREEN,RED,GREEN,RED,RED,RED
1522.0,1527.0,RED,RED,YELLOW,RED,YELLOW,RED,RED,RED
1527.0,1529.0,RED,RED,RED,RED,RED,RED,RED,RED
1529.0,1553.0,RED,RED,RED,GREEN,RED,GREEN,RED,RED
1553.0,1557.0,RED,RED,RED,YELLOW,RED,YELLOW,RED,RED
1557.0,1632.0,GREEN,RED,RED,RED,RED,RED,GREEN,RED
1632.0,1637.0,YELLOW,RED,RED,RED,RED,RED,YELLOW,RED
1637.0,1639.0,RED,RED,RED,RED,RED,RED,RED,RED
1639.0,1663.0,RED,GREEN,RED,RED,RED,RED,RED,GREEN
1663.0,1667.0,RED,YELLOW,RED,RED,RED,RED,RED,YELLOW
1667.0,1712.0,RED,RED,GREEN,RED,GREEN,RED,RED,RED
1712.0,1717.0,RED,RED,YELLOW,RED,YELLOW,RED,RED,RED
1717.0,1719.0,RED,RED,RED,RED,RED,RED,RED,RED
1719.0,1743.0,RED,RED,RED,GREEN,RED,GREEN,RED,RED
1743.0,1747.0,RED,RED,RED,YELLOW,RED,YELLOW,RED,RED
1747.0,1800.0,GREEN,RED,RED,RED,RED,RED,GREEN,RED
